Original	Article	Author	PostAuthor	No	Month	Year
Pastoral Profiles 01 - Rev. W. Poole, Higlett, Rev. W., Poole, Rev. William, 30 - April 1955	Pastoral Profiles 01 - Rev. W. Poole	Higlett, Rev. W.	Poole, Rev. William	30	4	1995
Printing and publishing your church history, Ward, John, HISTORY - LOCAL CHURCH, 01 - September 1984	Printing and publishing your church history	Ward, John	HISTORY - LOCAL CHURCH	1	9	1984
Researching and writing your church history, Holt, L., HISTORY - LOCAL CHURCH, 01 - September 1984	Researching and writing your church history	Holt, L.	HISTORY - LOCAL CHURCH	1	9	1984
Why write your church's history, Parker, David, HISTORY - LOCAL CHURCH, 01 - September 1984	Why write your church's history	Parker, David	History - Local Church	1	9	1984
City Tabernacle Listed on the National Trust, CITY TABERNACLE BAPTIST CHURCH, 02 - March 1985	City Tabernacle Listed on the National Trust		CITY TABERNACLE BAPTIST CHURCH	2	3	1985
Lamplighter and Son (Review), Skinner, C.P., Book Review, 02 - March 1985	Lamplighter and Son (Review)	Skinner, C.P.	Book Review	2	3	1985
National Baptist history, BAPTIST HISTORY - AUSTRALIAN, 02 - March 1985	National Baptist history		BAPTIST HISTORY - AUSTRALIAN	2	3	1985
Queensland's first missionary, PLESTED, MARTHA, 02 - March 1985	Queensland's first missionary		PLESTED, MARTHA	2	3	1985
The Ipswich Baptists (Review), White, J.E., IPSWICH BAPTIST CHURCH, 02 - March 1985	The Ipswich Baptists (Review)	White, J.E.	IPSWICH BAPTIST CHURCH	2	3	1985
Our first year, BHSQ - REPORT, 03 - July 1985	Our first year			3	7	1985
Recent acquisitions for Baptist archives, ARCHIVES - ACQUISITIONS, 03 - July 1985	Recent acquisitions for Baptist archives		ARCHIVES - ACQUISITIONS	3	7	1985
Windsor Road Baptist Church, Robinson, B., WINDSOR ROAD BAPTIST CHURCH, 03 - July 1985	Windsor Road Baptist Church	Robinson, B.	WINDSOR ROAD BAPTIST CHURCH	3	7	1985
Baptist Historical Society of Q. Programme, BHSQ, 01 - September 1985	Baptist Historical Society of Q. Programme			1	9	1985
Baptist archives, Queensland, ARCHIVES, 04 - March 1986	Baptist archives		ARCHIVES	4	3	1986
Eric Stanley Jones, Van Donge, P., JONES, E.S., 04 - March 1986	Eric Stanley Jones	Van Donge, P.	JONES, E.S.	4	3	1986
The English Baptists of the 17th Century (Review), White, B.R., Book Review, 04 - March 1986	The English Baptists of the 17th Century (Review)	White, B.R.	Book Review	4	3	1986
Life of Pastor Hermann Windolf (1846-1922), Roberts, Glenn, GERMAN BAPTIST CHURCHES, 05 - July 1986	Life of Pastor Hermann Windolf (1846-1922)	Roberts, Glenn	GERMAN BAPTIST CHURCHES	5	7	1986
The Beginnings of the German Baptist witness, White, J.E., GERMAN BAPTIST CHURCHES, 05 - July 1986	The Beginnings of the German Baptist witness	White, J.E.	GERMAN BAPTIST CHURCHES	5	7	1986
The churches of the German Baptist Conference, GERMAN BAPTIST CHURCHES, 05 - July 1986	The churches of the German Baptist Conference		GERMAN BAPTIST CHURCHES	5	7	1986
The Conference of German Baptists in SE Queensland, Roberts, Glenn, GERMAN BAPTIST CHURCHES, 05 - July 1986	The Conference of German Baptists in SE Queensland		GERMAN BAPTIST CHURCHES	5	7	1986
Annual Report 1985-6, BHSQ - REPORT, 06 - October 1986	Annual Report 1985-6		BHSQ - REPORT	6	10	1986
By Thy Sovereign Grace (Review), Churchward, J., WARWICK BAPTIST CHURCH, 06 - October 1986	By Thy Sovereign Grace (Review)	Churchward, J.	WARWICK BAPTIST CHURCH	6	10	1986
Large crowd for German Baptist celebration, GERMAN BAPTIST CELEBRATION, 06 - October 1986	Large crowd for German Baptist celebration		GERMAN BAPTIST CELEBRATION, 31691	6	10	1986
Baptists in the Cradle City (Review), Book Review, 07 - April 1987	Baptists in the Cradle City (Review)		Book Review	7	4	1987
How to organize a family centenary, Scanlan, Richard A., CENTENARY - FAMILY, 07 - April 1987	How to organize a family centenary	Scanlan, Richard A.	CENTENARY - FAMILY	7	4	1987
Jireh Church, Parker, David, JIREH BAPTIST CHURCH, 07 - April, 1987	Jireh Church	Parker, David	JIREH BAPTIST CHURCH	7	4	1987
Rev. William Whale: an English preparation, O'Leary, Patrick, WHALE, REV. WILLIAM, 07 - April 1987	Rev. William Whale: an English preparation	O'Leary, Patrick	WHALE, REV. WILLIAM	7	4	1987
The Small Archive's Companion (Review), Ansell, L.J., ARCHIVES, 07 - April 1987	The Small Archive's Companion (Review)	Ansell, L.J.	ARCHIVES	7	4	1987
Baptist church architecture in Queensland, Hobbs, G.A., ARCHITECTURE - CHURCH, 08 - September 1987	Baptist church architecture in Queensland	Hobbs, G.A.	ARCHITECTURE - CHURCH	8	9	1987
Baptist churches - then and when, Smith, R.S., ARCHITECTURE - CHURCH, 08 - September 1987	Baptist churches - then and when	Smith, R.S.	ARCHITECTURE - CHURCH	8	9	1987
Baptised into One Body (review), Brown, B.S., Book Review, 09 - April 1988	Baptised into One Body (review)	Brown, B.S.	Book Review	9	4	1988
Baptists in the Callide Valley (Review), Parker, A.J., Book Review, 09 - April 1988	Baptists in the Callide Valley (Review)	Parker, A.J.	Book Review	9	4	1988
Many Faiths, One Nation (Review), Gillman, I., Book Review, 09 - April 1988	Many Faiths, One Nation (Review)	Gillman, I.	Book Review	9	4	1988
Minimum Opportunity Calls for Maximum Effort(Revie, Keith, E.V., Book Review, 09 - April 1988	Minimum Opportunity Calls for Maximum Effort(Revie	Keith, E.V.	Book Review	9	4	1988
Qld Baptist church histories in Union archives, HISTORIES - CHURCH IN UNION ARCHIVES, 09 - April 1988	Qld Baptist church histories in Union archives		HISTORIES - CHURCH IN UNION ARCHIVES	9	4	1988
Triumphant Through Trials (Review), Maxwell, Joan, Book Review, 09 - April 1988	Triumphant Through Trials (Review)	Maxwell, Joan	Book Review	9	4	1988
Australian Baptists Past and Present (Review), Petras, Michael, Book Review, 10 - September 1988	Australian Baptists Past and Present (Review)	Petras, Michael	Book Review	10	9	1988
James Swan, Baptist newspaperman, Parker, David, SWAN, JAMES, 10 - September 1988	James Swan	Parker, David	David, SWAN	10	9	1988
Spurgeon and the South Pacific, Skinner, C.P., SPURGEON, C.H., 10 - September 1988	Spurgeon and the South Pacific	Skinner, C.P.	SPURGEON, C.H.	10	9	1988
Successful bicentennial presentation - Spurgeon, BICENTENNIAL, 10 - September 1988	Successful bicentennial presentation - Spurgeon		BICENTENNIAL	10	9	1988
William Whale, Brisbane's leading pastor, O'Leary, Patrick, WHALE, REV. WILLIAM, 10 - September 1988	William Whale	O'Leary, Patrick	WHALE, REV. WILLIAM	10	9	1988
Amongst the branches, Smith, Helen, FAMILY HISTORY, 11 - November 1988	Amongst the branches	Smith, Helen	FAMILY HISTORY	11	11	1988
Computers, Parker, David, COMPUTERS, 11 - November 1988	Computers	Parker, David	COMPUTERS	11	11	1988
Family Histories - help is at hand, Parker, David, FAMILY HISTORY, 11 - November 1988	Family Histories - help is at hand	Parker, David	FAMILY HISTORY	11	11	1988
Family history our way, Parker, Del and John, FAMILY HISTORY, 11 - November 1988	Family history our way	Parker, Del and John	FAMILY HISTORY	11	11	1988
Baptist churches and social issues 1919-39, Buch, Neville, SOCIAL ISSUES, 12 - April 1989	Baptist churches and social issues 1919-39	Buch, Neville	SOCIAL ISSUES	12	4	1989
Exploring Baptist Brisbane (rev), Parker, David, HISTORICAL SITES, 12 - April 1989	Exploring Baptist Brisbane (rev)	Parker, David	HISTORICAL SITES	12	4	1989
Henri Nielsen, the man and his ministry, Chataway, Ellen, NIELSEN, HENRI, 12 - April 1989	Henri Nielsen, the man and his ministry	Chataway, Ellen	NIELSEN, Henri	12	4	1989
Boonah Baptist Church 1887-1987, Chataway, Ellen, BOONAH BAPTIST CHURCH (review), 13 - July 1989	Boonah Baptist Church 1887-1987	Chataway, Ellen	BOONAH BAPTIST CHURCH (review)	13	7	1989
Reflections on college life, McPherson, Don, COLLEGE LIFE, 13 - July 1989	Reflections on college life	McPherson, Don	COLLEGE LIFE	13	7	1989
T.J. Malyon, Nickerson, S.W., MALYON, REV. T.J, 13 - July 1989	T.J. Malyon	Nickerson, S.W.	MALYON, REV. T.J	13	7	1989
Doing local church history, Parker, David, LOCAL CHURCH HISTORY, 14 - November 1989	Doing local church history	Parker, David	LOCAL CHURCH HISTORY	14	11	1989
Milestone for Clifford House, Parker, David, CLIFFORD HOUSE, 14 - November 1989	Milestone for Clifford House	Parker, David	CLIFFORD HOUSE	14	11	1989
The unfinished chapter: book review, Chataway, Ellen, HODGSON, REV. R. W., 14 - November 1989	The unfinished chapter: book review	Chataway, Ellen	HODGSON, REV. R. W.	14	11	1989
Historical thanksgiving service at Marburg, Scanlan, Richard A., MARBURG BAPTIST CHURCH, 12 - April 1989	Historical thanksgiving service at Marburg	Scanlan, Richard A.	MARBURG BAPTIST CHURCH	12	34	1989
Christian Endeavour (CE) Origins, Godman, Pat, CHRISTIAN ENDEAVOUR, 15 - April 1990	Christian Endeavour (CE) Origins	Godman, Pat	CHRISTIAN ENDEAVOUR	15	4	1990
Christian Endeavour, its impact on my life, Chataway, Ellen, CHRISTIAN ENDEAVOUR, 15 - April 1990	Christian Endeavour, its impact on my life	Chataway, Ellen	CHRISTIAN ENDEAVOUR	15	4	1990
Treasure trove of books and papers, Parker, David, LIBRARY - G.J. MORGANS, 15 - April 1990	Treasure trove of books and papers	Parker, David	LIBRARY - G.J. MORGANS	15	4	1990
Matron's view of aged care, Lord, Emily, AGED CARE, 16 - August 1990	Matron's view of aged care	Lord, Emily	AGED CARE	16	8	1990
Vision for aged care, Lockhart, Max, AGED CARE, 16 - August 1990	Vision for aged care	Lockhart, Max	AGED CARE	16	8	1990
Label and date all documents, Smith, Ken, DOCUMENTS, 17 - November 1990	Label and date all documents	Smith, Ken	DOCUMENTS	17	11	1990
Social issues and the Baptist Union 1938-73, Smith, Ken, SOCIAL ISSUES, 17 - November 1990	Social issues and the Baptist Union 1938-73	Smith, Ken	SOCIAL ISSUES	17	11	1990
Traditional Queensland Baptists, Ball, Dr. L.J., QUEENSLAND BAPTISTS, 17 - November 1990	Traditional Queensland Baptists	Ball, Dr. L.J.	QUEENSLAND BAPTISTS	17	11	1990
Baptist Union archives - a guide, Parker, David, ARCHIVES, 18 - April 1991	Baptist Union archives - a guide	Parker, David	ARCHIVES	18	4	1991
Dr G.J. Morgans, Parker, David, MORGANS, DR. G.J., 18 - April 1991	Dr G.J. Morgans	Parker, David	MORGANS	18	4	1991
Flashback - Queensland Baptists, QUEENSLAND BAPTISTS, 18 - April 1991	Flashback - Queensland Baptists			18	4	1991
Miss Martha Plested, Parker, David, PLESTED, MARTHA, 18 - April 1991	Miss Martha Plested	Parker, David	PLESTED	18	4	1991
Rev B.G. Wilson, Parker, David, WILSON, REV. B.G., 18 - April 1991	Rev B.G. Wilson	Parker, David	WILSON, REV. B.G.	18	4	1991
Camping - insights of a director, Knights, John, CAMPING IN QUEENSLAND, 19 - August 1991	Camping - insights of a director	Knights, John	CAMPING IN QUEENSLAND	19	8	1991
Camping - memories of an early camper, Hodgson, Ralph, CAMPING IN QUEENSLAND, 19 - August 1991	Camping - memories of an early camper	Hodgson, Ralph	CAMPING IN QUEENSLAND	19	8	1991
Camping - the writer's perspective, Maxwell, Joan, CAMPING IN QUEENSLAND, 19 - August 1991	Camping - the writer's perspective	Maxwell, Joan	CAMPING IN QUEENSLAND	19	8	1991
Petrie Terrace ceases ministry after 121 years, Parker, David, PETRIE TERRACE, 19 - August 1991	Petrie Terrace ceases ministry after 121 years	Parker, David	PETRIE TERRACE	19	8	1991
When a padre is not a padre!, Williams, Rev. Melvin C., KERR, ROBERT, 19 - August 1991	When a padre is not a padre!	Williams, Rev. Melvin C.	KERR, ROBERT	19	8	1991
Key Queensland Baptist - Rev. Ralph Sayce, Parker, David, SAYCE, REV. RALPH, 20 - December 1991	Key Queensland Baptist - Rev. Ralph Sayce	Parker, David	SAYCE, REV. RALPH	20	12	1991
Opposition to state aid in schools (1), Smith, Ken, STATE AID, 20 - December 1991	Opposition to state aid in schools (1)	Smith, Ken	STATE AID	20	12	1991
The Enquiry, Parker, David, MISSIONS - BAPTIST, 20 - December 1991	The Enquiry	Parker, David	MISSIONS - BAPTIST	20	12	1991
25 years at Gladstone, , GLADSTONE BAPTIST CHURCH (Review), 21 - March 1992	25 years at Gladstone	Parker, David	GLADSTONE BAPTIST CHURCH (Review)	21	3	1992
Johann George Schneider, SCHNEIDER, J. G., 21 - March 1992	Johann George Schneider		SCHNEIDER, J. G.	21	3	1992
Opposition to state aid in schools (2), Smith, Ken, STATE AID, 21 - March 1992	Opposition to state aid in schools (2)	Smith, Ken	STATE AID	21	3	1992
The Serampore Trio (1), Jessup, Richard (adapted), CAREY, William, 21 - March 1992	The Serampore Trio (1)	Jessup, Richard (adapted)	CAREY, William	21	3	1992
Our Heroic Carey, Manley, Ken, CAREY, William, 22 - July 1992	Our Heroic Carey	Manley, Ken	CAREY	22	7	1992
Adam, Doug, BRIBIE ISLAND BAPTIST CHURCH (Review), 23 - December 1992	Bribie Island Baptist Church	Adam, Doug	Bribie Island Baptist Church (Review)	23	12	1992
Great Queensland Baptist, Parker, David, KINGSFORD, REV. JOHN, 23 - December 1992	Great Queensland Baptist	Parker, David	KINGSFORD, REV. JOHN	23	12	1992
Historical theses in BTCQ Library, BIBLIOGRAPHY, 23 - December 1992	Historical theses in BTCQ Library		BIBLIOGRAPHY	23	12	1992
Scanlan, Richard A., DUNLOP, REV. D. (Book Review), 23 - December 1992	DUNLOP, REV. D.	Scanlan, Richard A	Book Review	23	12	1992
Secretary's report 1992, Chataway, Ellen, BHSQ - REPORT, 23 - December 1992	Secretary's report 1992	Chataway, Ellen	BHSQ - REPORT	23	12	1992
The Serampore Trio (2), Jessup, Richard (adapted), CAREY, William, 23 - December 1992	The Serampore Trio (2)	Jessup, Richard (adapted)	CAREY, William	23	12	1992
All the presidential men, Parker, David, PRESIDENTS - BAPTIST UNION, 24 - April 1993	All the presidential men	Parker, David	PRESIDENTS - BAPTIST UNION,	24	4	1993
Counting Baptists, Parker, David, STATISTICS AND CENSUS - BAPTIST, 24 - April 1993	Counting Baptists	Parker, David	STATISTICS AND CENSUS - BAPTIST	24	4	1993
Histories of Qld Baptist churches in BTCQ Library, BIBLIOGRAPHY, 24 - April 1993	Histories of Qld Baptist churches in BTCQ Library		BIBLIOGRAPHY	24	4	1993
History of the Sandgate Baptist Church, Maxwell, Joan and John, SANDGATE BAPTIST CHURCH, 24 - April 1993	History of the Sandgate Baptist Church	Maxwell, Joan and John	SANDGATE BAPTIST CHURCH	24	4	1993
Thanksgiving, WHITE, REV. J.E., 24 - April 1993	Thanksgiving		WHITE, REV. J.E.	24	4	1993
Church Histories in Baptist Archives, ARCHIVES, 25 - August 1993	Church Histories in Baptist Archives		ARCHIVES	25	8	1993
Communion Tokens - Book by Rev M.C. Williams, TOKENS, COMMUNION, 25 - August 1993	Communion Tokens - Book by Rev M.C. Williams	Williams, Rev M.C.	TOKENS, COMMUNION	25	8	1993
Dart Family of Queensland, Parker, Joyce E., DART FAMILY, 25 - August 1993	Dart Family of Queensland	Parker, Joyce E.	DART FAMILY	25	8	1993
Managing Church Records - a Guide, Parker, David, CHURCH RECORDS, 25 - August 1993	Managing Church Records - a Guide	Parker, David	CHURCH RECORDS	25	8	1993
Review, Christian Camping (vol 2) by Joan Maxwell, Parker, David, CAMPING IN QUEENSLAND, 25 - August 1993	Review, Christian Camping (vol 2) by Joan Maxwell	Parker, David	CAMPING IN QUEENSLAND	25	8	1993
Review, Parker, David, WHITE, REV John E. - Biography, 25 - August 1993	Review	Parker, David	WHITE, REV John E. - Biography	25	8	1993
Annual reports 1993, BHSQ - REPORT, 26 - December 1993	Annual reports 1993		BHSQ - REPORT	26	12	1993
Mr Ebenezer Hooker - first lay president, Williams, Rev. Melvin C., Cameos (1), 26 - December 1993	Mr Ebenezer Hooker - first lay president	Williams, Rev. Melvin C.	Cameos (1)	26	12	1993
One hundred years ago, Williams, Rev. Melvin C., 1893, 26 - December 1993	One hundred years ago	Williams, Rev. Melvin C.	1893	26	12	1993
The Dart family (NSW), Dart, Mr Philip, DART FAMILY, 26 - December 1993	The Dart family (NSW)		DART FAMILY	26	12	1993
Baptist Pioneer - Mr Thomas Woolley, Cooper, Rev. S., WOOLLEY, Mr Thomas, 27 - April 1994	Baptist Pioneer - Mr Thomas Woolley	Cooper, Rev. S.	WOOLLEY, Mr Thomas	27	4	1994
Bernard Gilmore Wilson, Williams, Rev. Melvin C., WILSON, Mr Bernard Gilmore - Cameos (2), 27 - April 1994	Bernard Gilmore Wilson	Williams, Rev. Melvin C.	WILSON, Mr Bernard Gilmore - Cameos (2)	27	4	1994
Give me a mountain (review), Parker, David, KNIGHTS, Rev. John - autobiography, 27 - April 1994	Give me a mountain (review)	Parker, David	KNIGHTSKNIGHTS, Rev. John - autobiography	27	4	1994
Launch for first BHSQ Book, Baptists in Queensland - book, 27 - April 1994	Launch for first BHSQ Book		Baptists in Queensland - book	27	4	1994
Recent acquisitions for the Archives, Parker, David, Archives, Baptist Union, 27 - April 1994	Recent acquisitions for the Archives	Parker, David	Archives	27	4	1994
Baptist life and faith in the recent past, Weston, Rev. Norman E., History - Qld Baptist, 28 - June 1994	Baptist life and faith in the recent past	Weston, Rev. Norman E.	History - Qld Baptist	28	6	1994
James Swan - pioneer Baptists and Publisher, Williams, Rev. Melvin C., Swan, James, 28 - June 1994	James Swan - pioneer Baptists and Publisher	Williams, Rev. Melvin C.	Swan, James	28	6	1994
The BHSQ - an outline history after ten years, Parker, David, Baptist Historical Society of Qld, 28 - June 1994	The BHSQ - an outline history after ten years	Parker, David	Baptist Historical Society of Qld	28	6	1994
The way we were - a century ago, Ball, Dr. L.J., History - Qld Baptist, 28 - June 1994	The way we were - a century ago	Ball, Dr. L.J.	History - Qld Baptist	28	6	1994
Annual Reports 1994 - Secretary, Treasurer, ,29 - Dec 1994	Annual Reports 1994 - Secretary	Secretary, Treasurer		29	12	1994
Archives news, ,29 - Dec 1994	Archives news			29	12	1994
James H. Cole and the Queensland Baptists, Harding, Ann, Cole, James H., 29 - Dec 1994	James H. Cole and the Queensland Baptists	Harding, Ann	Cole, James H.	29	12	1994
Leadership change for BHSQ, Ball, Dr. L.J., 29 - Dec 1994	Leadership change for BHSQ	Ball, Dr. L.J.		29	12	1994
Medals honour, ,29 - Dec 1994	Medals honour			29	12	1994
New decade for BHSQ, ,29 - Dec 1994	New decade for BHSQ			29	12	1994
Thomas Blacket Stephens - Cameos No 4, Williams, Rev. Melvin C., Stephens, Thomas Blacket, 29 - Dec 1994	Thomas Blacket Stephens - Cameos No 4	Williams, Rev. Melvin C.	Stephens, Thomas Blacket	29	12	1994
Ball, Dr. L.J., Editorial, 30 - April 1995	Editorial	Ball, Dr. L.J.	Editorial	30	4	1995
Baptist principles - rediscovering an identity, Parker, David, Baptist principles, 30 - April 1995	Baptist principles - rediscovering an identity	Parker, David	Baptist principles	30	4	1995
News, Hamburg Passenger Lists, 30 - April 1995	News, Hamburg Passenger Lists			30	4	1995
Pastoral Profiles 02 - Rev. A.G. Weller, Higlett, Rev. W., Weller, Rev. Alfred George, 30 - April 1995	Pastoral Profiles 02 - Rev. A.G. Weller	Higlett, Rev. W.	Weller, Rev. Alfred George	30	4	1995
Photo, Williams, Rev. M.C., 30 - April 1995	Photo, Wamuran Baptist Church		Williams, Rev. M.C.	30	4	1995
Pastoral Profiles 03 - Rev. E.R. Makin, Higlett, Rev. W., Makin, Rev. Edwin Robert, 31 - July 1995	Pastoral Profiles 03 - Rev. E.R. Makin	Higlett, Rev. W.	Makin, Rev. Edwin Robert	31	7	1995
Pastoral Profiles 04 - Rev. T. Vigis, Higlett, Rev. W., Vigis, Rev. Thomas, 31 - July 1995	Pastoral Profiles 04 - Rev. T. Vigis	Higlett, Rev. W.	Vigis, Rev. Thomas	31	7	1995
Photo, Wamuran Baptist Church, 31 - July 1995	Photo, Wamuran Baptist Church		Wamuran Baptist Church	31	7	1995
The outlook, Ball, Dr. L.J., Editorial, 31 - July 1995	The outlook	Ball, Dr. L.J.	Editorial	31	7	1995
The Soren Jensen Family Part 1, Ball, Dr. L.J., Jensen Family, 31 - July 1995	The Soren Jensen Family Part 1	Ball, Dr. L.J.	Jensen Family	31	7	1995
Additional note, Makin, Rev. E.R., 32 - Dec 1995	Additional note	Makin, Rev. E.R.		32	12	1995
Annual Report, Chataway, Ellen, BHSQ - REPORT, 32 - Dec 1995	Annual Report	Chataway, Ellen	BHSQ - REPORT	32	12	1995
Assembly Highlight, Ball, Dr. L.J., Editorial, 32 - Dec 1995	Assembly Highlight	Ball, Dr. L.J.	Editorial	32	12	1995
Pastoral Profiles 05 - Rev. C. Krueger, Higlett, Rev. W., Krueger, Rev. Carl, 32 - Dec 1995	Pastoral Profiles 05 - Rev. C. Krueger	Higlett, Rev. W.	Krueger, Rev. Carl	32	12	1995
Pastoral Profiles 06 - Rev. J.B. Sneyd, Higlett, Rev. W., Sneyd, Rev. John B., 32 - Dec 1995	Pastoral Profiles 06 - Rev. J.B. Sneyd	Higlett, Rev. W.	Sneyd, Rev. John B.	32	12	1995
The Soren Jensen Family Part 2, Ball, Dr. L.J., Jensen Family, 32 - Dec 1995	The Soren Jensen Family Part 2	Ball, Dr. L.J.	Jensen Family	32	12	1995
Williams, Rev. M.C., Numismatics, 32 - Dec 1995	Williams, Rev. M.C.		Numismatics	32	12	1995
Flying Start, Ball, Dr. L.J., Editorial, 33 - April 1996	Flying Start	Ball, Dr. L.J.	Editorial	33	4	1996
Joshua Jenyns - a controversial figure, Williams, Rev. M.C., Jenyns, Mr Joshua, 33 - April 1996	Joshua Jenyns - a controversial figure	Williams, Rev. M.C.	Jenyns, Mr Joshua	41	4	1996
My ancestors were Baptists by G.R. Breed, Parker, David, Book Review, 33 - April 1996	My ancestors were Baptists by G.R. Breed	Parker, David	Book Review	33	4	1996
Pastoral Profiles - Rev J. B. Sneyd - further word, Parker, David, Sneyd, Rev. J.B., 33 - April 1996	Pastoral Profiles - Rev J. B. Sneyd - further word	Parker, David	Sneyd	33	4	1996
Pastoral Profiles 07 - Rev. C. Boyall, Higlett, Rev. W., Boyall, Rev. Charles, 33 - April 1996	Pastoral Profiles 07 - Rev. C. Boyall	Higlett, Rev. W.	Boyall, Rev. Charles	33	4	1996
Pastoral Profiles 08 - Rev. J. Glover, Higlett, Rev. W., Glover, Rev. John, 33 - April 1996	Pastoral Profiles 08 - Rev. J. Glover	Higlett, Rev. W.	Glover, Rev. John	33	4	1996
Report of Callide Valley CE, Callide Valley Christian Endeavour, 33 - April 1996	Report of Callide Valley CE		Callide Valley Christian Endeavour	33	4	1996
The origins of Thangool Baptist Church, Ainsworth, Mr George, Thangool Baptist Church, 33 - April 1996	The origins of Thangool Baptist Church	Ainsworth, Mr George	Thangool Baptist Church	33	4	1996
Baptists in Australia by P.J. Hughes, Parker, David, Book Review, 34 - July 1996	Baptists in Australia by P.J. Hughes	Parker, David	Book Review	34	7	1996
Cemeteries - a forgotten resource?, Kopittke, Eric and Rosemary, Cemeteries, 34 - July 1996	Cemeteries - a forgotten resource?	Kopittke, Eric and Rosemary	Cemeteries	52	7	1996
Pastoral Profiles 09 - Rev. W. Higlett, Kingsford, Rev. J., Higlett, Rev. William, 34 - July 1996	Pastoral Profiles 09 - Rev. W. Higlett	Kingsford, Rev. J.	Higlett, Rev. William	34	7	1996
Pastoral Profiles 10 - Rev. F.G. Buckingham, Whale, Rev. W., Buckingham, Rev. Frederick G., 34 - July 1996	Pastoral Profiles 10 - Rev. F.G. Buckingham	Whale, Rev. W.	Buckingham, Rev. Frederick G.	34	7	1996
Promotion, preservation, publication, Ball, Dr. L.J., Editorial, 34 - July 1996	Promotion, preservation, publication	Ball, Dr. L.J.	Editorial	34	7	1996
Queensland at the Baptist World Alliance, Parker, David, Baptist World Alliance, 34 - July 1996	Queensland at the Baptist World Alliance	Parker, David	Baptist World Alliance	34	7	1996
Baptist Archives in 1996, Parker, David, Archives, 35 - Nov 1996	Baptist Archives in 1996	Parker, David	Archives	35	11	1996
Danish Baptists of Freestone Creek, Williams, Rev. M.C., Danish Baptists, 35 - Nov 1996	Danish Baptists of Freestone Creek	Williams, Rev. M.C.	Danish Baptists	35	11	1996
Mayurbhanj Messengers, Rolley, Ailsa, Book Review, 35 - Nov 1996	Mayurbhanj Messengers	Rolley, Ailsa	Book Review	35	11	1996
Pastoral Profiles 11 - Alexander, Rev. J.M, Higlett, Rev. W., Alexander, Rev. J.M., 35 - Nov 1996	Pastoral Profiles 11 - Alexander	Rev. J.M, Higlett	Rev. W., Alexander	35	11	1996
Pastoral Profiles 12 - Leitch, Rev. T., Higlett, Rev. W., Leitch, Rev. T., 35 - Nov 1996	Pastoral Profiles 12 - Leitch	Rev. T., Higlett	Rev. W., Leitch	35	11	1996
Baptist SS Examination Gold Medals, Williams, Rev. M.C., Sunday School, 36 - April 1997	Baptist SS Examination Gold Medals	Williams, Rev. M.C.	Sunday School	36	4	1997
Brisbane Cemeteries for Baptist Family History, Parker, David, Cemeteries, 36 - April 1997	Brisbane Cemeteries for Baptist Family History	Parker, David	Cemeteries	36	4	1997
Pastoral Profiles 11a - Page, Rev. W., Higlett, Rev. W., Page, Rev. W., 36 - April 1997	Pastoral Profiles 11a - Page	Rev. W., Higlett	Rev. W., Page	36	4	1997
Pastoral Profiles 12a - Richer, Rev. W., Higlett, Rev. W., Richer, Rev. W., 36 - April 1997	Pastoral Profiles 12a - Richer	Rev. W., Higlett	Rev. W., Richer	36	4	1997
German Baptists Revisited I, Parker, David, German Baptists, 37 - July 1997	German Baptists Revisited I	Parker, David	German Baptists	37	7	1997
Independent India's Troubled North East, Kirkwood, Rev. Dr N., Book Review - Chataway, Ellen, 37 - July 1997	Independent India's Troubled North East	Kirkwood, Rev. Dr N.	Book Review - Chataway	37	7	1997
Pastoral Profiles 13 - Coombs, Rev. H., Higlett, Rev. W., Coombs, Rev. H., 37 - July 1997	Pastoral Profiles 13 - Coombs	Rev. H., Higlett	Rev. W., Coombs	37	7	1997
Rev. J. Heinrich, Scanlan, Richard A., Heinrich, Rev. J., 37 - July 1997	Rev. J. Heinrich	Scanlan, Richard A.	Heinrich, Rev. J.	37	7	1997
Taringa Baptist Church Centenary & Rev J. Voller, BHSW Celebration, 37 - July 1997	Taringa Baptist Church Centenary & Rev J. Voller		BHSW Celebration	37	7	1997
About that which we sing, Grieve, Catherine, Music - Church, 38 - Dec 1997	About that which we sing	Grieve, Catherine	Music - Church	38	12	1997
German Baptists Revisited II, Parker, David, German Baptists, 38 - Dec 1997	German Baptists Revisited II	Parker, David	German Baptists	38	12	1997
Pastoral Profiles 14 - Shaw, Rev. A.D., Higlett, Rev. W., Shaw, Rev. A. D., 38 - Dec 1997	Pastoral Profiles 14 - Shaw	Rev. A.D., Higlett	Rev. W., Shaw	38	12	1997
Successful launch of James Voller Book, Voller, James, 38 - Dec 1997	Successful launch of James Voller Book		Voller, James	38	12	1997
German Baptists Revisited III Ministerial List, Parker, David, German Baptists, 39 - April 1998	German Baptists Revisited III Ministerial List	Parker, David	German Baptists	39	4	1998
Pastoral Profiles 15 - Kingsford, Rev. J., Higlett, Rev. W., Kingsford, Rev. J., 39 - April 1998	Pastoral Profiles 15 - Kingsford	Rev. J., Higlett	Rev. W., Kingsford	39	4	1998
Sketches of bush work in Queensland, Higlett, Rev. W., Bush ministry, 39 - April 1998	Sketches of bush work in Queensland	Higlett, Rev. W.	Bush ministry	39	4	1998
Baptist Ministers in Queensland 1849-1905 Part 1, Parker, David, Ministers' List, 40 - July 1998	Baptist Ministers in Queensland 1849-1905 Part 1	Parker, David	Ministers' List	40	7	1998
Pastoral Profiles 18 Rev E.A. Kirwood, Higlett, Rev. W., Kirwood, Rev. E.A., 40 - July 1998	Pastoral Profiles 18 Rev E.A. Kirwood	Higlett, Rev. W.	Kirwood, Rev. E.A.	40	7	1998
Research published, Stewart, Rev. Charles, 40 - July 1998	Research published	Stewart, Rev. Charles		40	7	1998
Successfull annual celebration and book launch, BHSQ Book Launch - Rev A.H. Brooks, 40 - July 1998	Successfull annual celebration and book launch		BHSQ Book Launch - Rev A.H. Brooks	40	7	1998
Three Baptist Pawnbrokers, Lee, Graham S., Carryer, John; Carryer, T.W.; Voller, J., 40 - July 1998	Three Baptist Pawnbrokers	Lee, Graham S.	Carryer, John; Carryer, T.W.; Voller, J.	40	7	1998
Baptist Ministers in Queensland 1849-1905 Part 2, Parker, David, Ministers' List, 41 - Dec 1998	Baptist Ministers in Queensland 1849-1905 Part 2	Parker, David	Ministers' List	41	12	1998
Celebrating 150 years of evangelical witness, Stewart, Rev Charles, 41 - Dec 1998	Celebrating 150 years of evangelical witness	Stewart, Rev Charles		41	12	1998
Inside a mission treasurer's house, Kirkwood, Rev. Dr N., ABMS, 41 - Dec 1998	Inside a mission treasurer's house	Kirkwood, Rev. Dr N.	ABMS	41	12	1998
Unravelling the Deacon mystery, Parker, David, Deacon, Rev T., 41 - Dec 1998	Unravelling the Deacon mystery	Parker, David	Deacon, Rev T	41	12	1998
Baptist Ministers in Queensland 1849-1905 Part 3, Parker, David, Ministers' List, 42 - April 1999	Baptist Ministers in Queensland 1849-1905 Part 3	Parker, David	Ministers' List	42	4	1999
Johann Gerhard Oncken, Kopittke, Eric, German Baptists, 41 - April 1999	Johann Gerhard Oncken	Kopittke, Eric	German Baptists	41	4	1999
The emergence of the Postmodern Church, Parker, David, Baptists - Queensland, 42 - April 1999	The emergence of the Postmodern Church	Parker, David	Baptists - Queensland	42	4	1999
Baptist Ministers in Queensland 1906-1955, Parker, David, Ministers' List, 43 - Aug 1999	Baptist Ministers in Queensland 1906-1955	Parker, David	Ministers' List	43	8	1999
Seven delightful decades - review, Chataway, Ellen, Weston, Rev N., 43 - Aug 1999	Seven delightful decades - review	Chataway, Ellen	Weston, Rev N.	43	8	1999
Tragedy and Hope Part 1, Parker, David, Stewart, Rev Charles & Rev James Voller, 43 - Aug 1999	Tragedy and Hope Part 1	Parker, David	Voller, Rev James & Rev Charles Stewart	43	8	1999
Rev William Moore, Cane, Troy, Moore, Rev Wm., 44 - Dec 1999	Rev William Moore	Cane, Troy	Moore, Rev Wm.	44	12	1999
Tragedy and Hope Part 2, Parker, David, Voller, Rev James & Rev Charles Stewart, 44 - Dec 1999	Tragedy and Hope Part 2	Parker, David	Voller, Rev James & Rev Charles Stewart	44	12	1999
Building spiritual vitality through unity, Voller, Rev. James, Baptist Union of Queensland, 45 - April 2000	Building spiritual vitality through unity	Voller, Rev. James	Baptist Union of Queensland	45	4	2000
Early Baptist Churches in Queensland (# 01), Queensland Baptist, Wharf St Baptist Church, 45 - April 2000	Early Baptist Churches in Queensland (# 01)		Wharf St Baptist Church	45	4	2000
Heritage program at the 18th BWA Congress, Baptist World Alliance Congress, 45 - April 2000	Heritage program at the 18th BWA Congress		Baptist World Alliance Congress	45	4	2000
Carl Kemnitz and the Templin Assembly, Wolter, Laurie, German Baptists, 46 - Aug 2000	Carl Kemnitz and the Templin Assembly	Wolter, Laurie	German Baptists	46	8	2000
Cuba para Christo - BWA General Council, Cuba, Parker, David, BWA, 46 - Aug 2000	Cuba para Christo - BWA General Council, Cuba	Parker, David	BWA	46	8	2000
Early Baptist Churches in Queensland (# 02), Queensland Baptist, Ipswich Baptist church, 46 - Aug 2000	Early Baptist Churches in Queensland (# 02)		Ipswich Baptist church	46	8	2000
In this corner of the vineyard - eary years, Whitehead, Peter, Gordon Park Baptist Church, 46 - Aug 2000	In this corner of the vineyard - eary years	Whitehead, Peter	Gordon Park Baptist Church	46	8	2000
Early Baptist Churches in Queensland (# 03), Queensland Baptist, Jireh Baptist Church, 47 - Dec 2000	Early Baptist Churches in Queensland (# 03)		Jireh Baptist Church	47	12	2000
Mt Berryman Baptist Sunday School, Scanlan, Richard A., Laidley, 47 - Dec 2000	Mt Berryman Baptist Sunday School	Scanlan, Richard A.	Laidley	47	12	2000
The advancement of Christ's kingdom, Adam, Doug, Boys Brigade, 47 - Dec 2000	The advancement of Christ's kingdom	Adam, Doug	Boys Brigade	47	12	2000
Early Baptist Churches in Queensland (# 04), Queensland Baptist, Rockhampton Baptist Church, 48 - April 2001	Early Baptist Churches in Queensland (# 04)		Rockhampton Baptist Church	48	4	2001
From our heritage - on Associations, Queensland Baptist - editorial, Associations, 48 - April 2001	From our heritage - on Associations			48	4	2001
The German Baptist Church at Zillman Waterholes, Williams, Melvin, German Baptists, 48 - April 2001	The German Baptist Church at Zillman Waterholes	Williams, Melvin	German Baptists	48	4	2001
Early Baptist Churches in Queensland (# 05), Queensland Baptist, Petrie Terrace Baptist Church, 49 - July 2001	Early Baptist Churches in Queensland (# 05)		Petrie Terrace Baptist Church	49	7	2001
Federation, Queensland Baptist - editorial, Federation, 49 - July 2001	Federation			49	7	2001
Reunion, Haldane, Leone, Haldane, Mrs L., 49 - July 2001	Reunion	Haldane, Leone	Haldane, Mrs L.	49	7	2001
Rockhampton Baptist Church - the early years, Steer, Ken, Rockhampton Baptist Church, 49 - July 2001	Rockhampton Baptist Church - the early years	Steer, Ken	Rockhampton Baptist Church	49	7	2001
Schneider grave revisited, German Baptists, 49 - July 2001	Schneider grave revisited		German Baptists	49	7	2001
Early Baptist Churches in Queensland (# 06), Queensland Baptist, Albion Baptist Church, 50 - Dec 2001	Early Baptist Churches in Queensland (# 06)		Albion Baptist Church	50	12	2001
Federation and Australian Baptists, Queensland Baptist - editorial, Federation of Australian Baptists, 50 - Dec 2001	Federation and Australian Baptists			50	12	2001
Federation, Queensland Baptist - editorial, Federation, 50 - Dec 2001	Federation			50	12	2001
Coorparoo Church recycled after 91 years, Coorparoo Baptist Church, 51 - April 2002	Coorparoo Church recycled after 91 years		Coorparoo Baptist Church	51	4	2002
Early Baptist Churches in Queensland (# 07), Higlett, Willima, Windsor Road Baptist Church, 51 - April 2002	Early Baptist Churches in Queensland (# 07)	Higlett, Willima	Windsor Road Baptist Church	51	4	2002
Relics of Sunday School Exams, Wiliams, Mel, Sunday School examinations medals, 51 - April 2002	Relics of Sunday School Exams	Wiliams, Mel	Sunday School examinations medals	51	4	2002
Samuel Lane - formative years, Lane, Rev John, Lane, Rev Samuel, 51 - April 2002	Samuel Lane - formative years	Lane, Rev John	Lane, Rev Samuel	51	4	2002
BHSQ Annual Report 2002, BHSQ - Report 2002, 53 - Dec 2002	BHSQ Annual Report 2002		BHSQ Annual Report	53	12	2002
Communion Tokens of South Brisbane, Williams, M, Communion Tokens, 53 - Dec 2002	Communion Tokens of South Brisbane	Williams, M	Communion Tokens	53	12	2002
Early Baptist Churches in Queensland (# 08), Higlett, W, Toowoomba Baptist Church, 53 - Dec 2002	Early Baptist Churches in Queensland (# 08)	Higlett, W	Toowoomba Baptist Church	53	12	2002
Higlett Project, Parker, David, Higlett, Rev William, 53 - Dec 2002	Higlett Project	Parker, David	Higlett, Rev William	53	12	2002
Anecdotes of Church and Manse Life, Kajewski (Withers), Marie, Manse Life, 51 - April 2002	Anecdotes of Church and Manse Life	Kajewski (Withers), Marie	Manse Life	51	4	2002
Albion Baptist Church, Albion Baptist Church, 52 - May-Aug 2002	Albion Baptist Church		Albion Baptist Church	52	8	2002
Celebrating Jireh - our most fruitful church?, Jireh Baptist Church, 52 - May-Aug 2002	Celebrating Jireh - our most fruitful church?		Jireh Baptist Church	52	8	2002
Centenary Jireh Baptist Church, Centenary Jireh Baptist Church, 52 - May-Aug 2002	Centenary Jireh Baptist Church		Centenary Jireh Baptist Church	52	8	2002
Jireh Particular Baptist Church, Jireh Baptist Church, 52 - May-Aug 2002	Jireh Particular Baptist Church		JIREH BAPTIST CHURCH	52	8	2002
Norman Park and Bulimba - Carey, Carey Baptist Church, 52 - May-Aug 2002	Norman Park and Bulimba - Carey		Carey Baptist Church	52	8	2002
Norman Park and Bulimba - Carey, Norman Park Baptist Church, 52 - May-Aug 2002	Norman Park and Bulimba - Carey		Norman Park Baptist Church	52	8	2002
Norman Park and Bulimba Carey, Bulimba Baptist Church, 52 - May-Aug 2002	Norman Park and Bulimba Carey		Bulimba Baptist Church	52	8	2002
Nundah Baptist Church, Williams, Mel, Nundah Baptist Church, 52 - May-Aug 2002	Nundah Baptist Church		Nundah Baptist Church	52	8	2002
Toowong Baptist Church, Toowong Baptist Church, 52 - May-Aug 2002	Toowong Baptist Church		Toowong Baptist Church	52	8	2002
Windsor Road Baptist Church, Windsor Road Baptist Church, 52 - May-Aug 2002	Windsor Road Baptist Church		WINDSOR ROAD BAPTIST CHURCH	52	8	2002
Church re-locates back to Nundah, North-East Baptist Church, 54 - April 2003	Church re-locates back to Nundah		North-East Baptist Church	54	4	2003
Church re-locates back to Nundah, Nundah Baptist Church, 54 - April 2003	Church re-locates back to Nundah		Nundah Baptist Church	54	4	2003
Church re-locates back to Nundah, Wavell Heights Baptist Church, 54 - April 2003	Church re-locates back to Nundah		Wavell Heights Baptist Church	54	4	2003
Early Baptist Churches in Queensland (# 09), Cray, H G, Enoggera Baptist Church, 54 - April 2003	Early Baptist Churches in Queensland (# 09)	Cray, H G	Enoggera Baptist Church	54	4	2003
Help needed with major project, 150th Anniversary, 54 - April 2003	Help needed with major project, 150th Anniversary		150th Anniversary	54	4	2003
Oral History session with retired ministers, Oral History, 54 - April 2003	Oral History session with retired ministers		Oral History	54	4	2003
Samuel Lane, the formative years Part 2, Lane, Rev John, Lane, Rev Samuel, 54 - April 2003	Samuel Lane	Lane, Rev John	Lane, Rev Samuel	54	4	2003
Early Baptist Churches in Queensland (# 10), Sandgate Baptist Church, 55 - Aug 2003	Early Baptist Churches in Queensland (# 10)		Sandgate Baptist Church	55	8	2003
No gilded path of heaven, Benson, Rod, Young, William Vickers, 55 - Aug 2003	No gilded path of heaven	Benson, Rod	Young, William Vickers	55	8	2003
BHSQ Annual Report 2003, BHSQ - Report 2003, 56 - Dec 2003	BHSQ Annual Report 2003		BHSQ Annual Report	56	12	2003
Early Baptist Churches in Queensland (# 11), Higlett, W, Toowong Baptist Church, 56 - Dec 2003	Early Baptist Churches in Queensland (# 11)	Higlett, W	Toowong Baptist Church	56	12	2003
The Carey letters - the local connection, Parker, David, Carey, William, 56 - Dec 2003	The Carey letters - the local connection	Parker, David	CAREY, William	56	12	2003
William Richer Baptist minister Toowong pioneer, Gibson, James W., Richer, Rev William, 56 - Dec 2003	William Richer Baptist minister Toowong pioneer	Gibson, James W.	Richer, Rev William	56	12	2003
Centenary of Queensland Baptist College, Queensland Baptist College, 57 - April 2004	Centenary of Queensland Baptist College		Queensland Baptist College	57	4	2004
Early Baptist Churches in Queensland (# 12), Leeder, FR, Taringa Baptist Church, 57 - April 2004	Early Baptist Churches in Queensland (# 12)	Leeder, FR	Taringa Baptist Church	57	4	2004
Launch of Horseman to Herald, Perkins, Royce, Lane, Rev Samuel, 57 - April 2004	Launch of Horseman to Herald	Perkins, Royce	Lane, Rev Samuel	57	4	2004
Our Twenty Years, BHSQ Twenty Years, 57 - April 2004	Our Twenty Years		BHSQ Twenty Years	57	4	2004
Seven biblical years of evangelism, Parker, David, Gospel Waggon, 57 - April 2004	Seven biblical years of evangelism	Parker, David	Gospel Waggon	57	4	2004
Baptist work in the South Burnett, Lane, Rev John, South Burnett, 58 - Aug 2004	Baptist work in the South Burnett	Lane, Rev John	South Burnett	58	8	2004
Early Baptist Churches in Queensland (# 13), Vulture Street Baptist Church South Bris, 58 - Aug 2004	Early Baptist Churches in Queensland (# 13)		Vulture Street Baptist Church South Bris	58	8	2004
William Richer Part 2, Gibson, James W., Richer, Rev William, 58 - Aug 2004	William Richer Part 2	Gibson, James W.	Richer, Rev William	58	8	2004
Baptist work in the South Burnett Part 2, Lane, Rev John, South Burnett, 59 - Dec 2004	Baptist work in the South Burnett Part 2	Lane, Rev John	South Burnett	59	12	2004
BHSQ Annual Report 2004, BHSQ - report 2004, 59 - Dec 2004	BHSQ Annual Report 2004		BHSQ Annual Report	59	12	2004
Early Baptist Churches in Queensland (# 14), Pinkenba Mission Church, 59 - Dec 2004	Early Baptist Churches in Queensland (# 14)		Pinkenba Mission Church	59	12	2004
First German Baptist Church honoured, German Baptist Church - Vernor, 59 - Dec 2004	First German Baptist Church honoured			59	12	2004
Reflections on Baptists and Neo-Pentecostalism, Parker, David, Pentocostalism, 59 - Dec 2004	Reflections on Baptists and Neo-Pentecostalism	Parker, David	Pentocostalism	59	12	2004
Aboriginal ministry in Queensland, Parker, David, Aboriginal ministry, 60 - Aug 2005	Aboriginal ministry in Queensland	Parker, David	Aboriginal ministry	60	8	2005
Pressing on with the Gospel, Sequi-centenary history, 60 - Aug 2005	Pressing on with the Gospel			60	8	2005
Relocation, Baptist Archives, 60 - Aug 2005	Relocation			60	8	2005
The Lad from Spring Hill, Lines, Marie, Smith, Rev A.E. (Ted), 60 - Aug 2005	The Lad from Spring Hill	Lines, Marie	Smith, Rev A.E. (Ted)	60	8	2005
	150 years of Baptist life - an overview Sesqui-centenary	Parker, David	Sesqui-centenary	61	12	2005
Baptist Celebrations, Centenary, 61 - Dec 2005	Baptist Celebrations, Centenary			61	12	2005
Baptists Together in Christ 1905-2005, Parker, David (review), Baptist World Alliance Centenary history, 61 - Dec 2005	Baptists Together in Christ 1905-2005	Parker, David	Baptist World Alliance Centenary history	27	12	2005
BHSQ Annual Report 2005, BHSQ - Report 2005, 61 - Dec 2005	BHSQ Annual Report 2005		BHSQ Annual Report	61	12	2005
Launching of the new history, Pressing on with the Gospel, 61 - Dec 2005	Launching of the new history, Pressing on with the Gospel			61	12	2005
The Lad from Spring Hill Part 2, Lines, Marie, Smith, Rev A.E. (Ted), 61 - Dec 2005	The Lad from Spring Hill Part 2	Lines, Marie	Smith, Rev A.E. (Ted)	61	12	2005
Early Baptist Churches in Queensland (# 15), Maryborough Baptist Church, 60 - Aug 2005	Early Baptist Churches in Queensland (# 15)		Maryborough Baptist Church	60	38	2005
400 years of Baptists, 72 - Apr 2009	400 years of Baptists			72	4	2009
Ancient Christian Healing Practice, 72 - Apr 2009	Ancient Christian Healing Practice			72	4	2009
ICOBS & ABRF in Australia 2009, 72 - Apr 2009	ICOBS & ABRF in Australia 2009			72	4	2009
Ipswich-150 years, 72 - Apr 2009	Ipswich-150 years			41	4	2009
Moore Park-50 years, 72 - Apr 2009	Moore Park-50 years			72	4	2009
Qld Researcher and Canberra History, 72 - Apr 2009	Qld Researcher and Canberra History			72	4	2009
Rev. H G Hackworthy by Bill Hughes, 72 - Apr 2009	Rev. H G Hackworthy by Bill Hughes	Hughes, Bill		72	4	2009
The Church in the City by John Lane, 72 - Apr 2009	The Church in the City by John Lane	John Lane		72	4	2009
Women who made a Difference launch, 72 - Apr 2009	Women who made a Difference launch			72	4	2009
Baptist Churches on the Move by David Parker, 73 - Aug 2009	Baptist Churches on the Move by David Parker	Parker, David		73	8	2009
Baptists 1609-2009, 73 - Aug 2009	Baptists 1609-2009			73	8	2009
Baptists Today Part I by Mark Mackay, 73 - Aug 2009	Baptists Today Part I by Mark Mackay	Mackay, Mark		73	8	2009
Historic Baptist House For Sale, 73 - Aug 2009	Historic Baptist House For Sale			73	8	2009
Women who made a Difference launch, 73 - Aug 2009	Women who made a Difference launch			73	8	2009
25th Annual Report 2009	25th Annual Report 2009			74	12	2009
Baptists 400th Anniversary, 74 - Dec 2009	Baptists 400th Anniversary			74	12	2009
Baptists Today Part II by Mark Mackay, 74 - Dec 2009	Baptists Today Part II by Mark Mackay	Mackay, Mark		74	12	2009
BHQ marks 25 years, 74 - Dec 2009	BHQ marks 25 years			74	12	2009
Jireh Baptist Church Honour Board by Bill Hughes, 74 - Dec 2009	Jireh Baptist Church Honour Board by Bill Hughes	Hughes, Bill		74	12	2009
Edward Street Baptist Church Revisited by Bill Hughes, 75 - Apr 2010	Edward Street Baptist Church Revisited by Bill Hughes	Hughes, Bill		75	4	2010
New Projects for BHQ, 75 - Apr 2010	New Projects for BHQ			75	4	2010
The Temples of Windmill Hill, by John Steele, 75 - Apr 2010	The Temples of Windmill Hill	John Steele		75	4	2010
Baptists in Queensland & the Charismatic Movement, Part 6 by David Parker, 76 - Aug 2010	Baptists in Queensland & the Charismatic Movement Part 6	Parker, David		76	8	2010
New and Continuing Projects, 76 - Aug 2010	New and Continuing Projects			76	8	2010
R.A. Scanlan, OAM - obituary, 76 - Aug 2010	R.A. Scanlan, OAM - obituary			76	8	2010
26th Annual Report, 77 - Dec 2010	26th Annual Report			77	12	2010
Baptist Records on CD, 77 - Dec 2010	Baptist Records on CD			77	12	2010
Deagon Mission Church 1918-93 by Bill Hughes, 77 - Dec 2010	Deagon Mission Church 1918-93 by Bill Hughes	Hughes, Bill		77	12	2010
Kalbar 135 years, 77 - Dec 2010	Kalbar 135 years			77	12	2010
The Lure of Gold-Rockhampton 150 years, 77 - Dec 2010	The Lure of Gold-Rockhampton 150 years			77	12	2010
Baptist DNA-What about our view of the Church? By Anne Klose, 78 - Apr 2011	Baptist DNA-What about our view of the Church? By Anne Klose	Klose, Anne		78	4	2011
Archives on Display, 79 - Aug 2011	Archives on Display			79	8	2011
Our Elusive Rev. Charles Smith, by David Parker, 79 - Aug 2011	Our Elusive Rev. Charles Smith	Parker, David		79	8	2011
Rev Mel Williams - Vale, 79 - Aug 2011	Rev Mel Williams - Vale			79	8	2011
The End of an Era - BUQ Presidency abolished, 79 - Aug 2011	The End of an Era - BUQ Presidency abolished			79	8	2011
The SGMU by Bill Hughes, 79 - Aug 2011	The SGMU by Bill Hughes	Hughes, Bill		79	8	2011
27th Annual Report, 80 - Dec 2011	27th Annual Report			83	12	2011
Gone . . .but not forgotten by Bill Hughes, 80 - Dec 2011	Gone . . .but not forgotten by Bill Hughes	Hughes, Bill		80	12	2011
In memory of …. by Eric Kopittke, 80 - Dec 2011	In memory of …. by Eric Kopittke			80	12	2011
Making Sense of Martha By Rosalind M Gooden, 80 - Dec 2011	Making Sense of Martha By Rosalind M Gooden	Gooden, Rosalind M.		80	12	2011
Archives-Going Digital, 81 - Apr 2012	Archives-Going Digital			81	4	2012
Jireh Honour Board Stars, 81 - Apr 2012	Jireh Honour Board Stars		JIREH BAPTIST CHURCH	81	4	2012
Something more than Gold Launching, 81 - Apr 2012	Something more than Gold Launching			81	4	2012
Warwick Centenary Celebrations by Bill Hughes, 81 - Apr 2012	Warwick Centenary Celebrations	Hughes, Bill		81	4	2012
Appeal to Church Historians by Neville Callam, BWA, 82 - Aug 2012	Appeal to Church Historians by Neville Callam	Callam, Neville	BWA	82	8	2012
Baptists on the Darling Downs, 82 - Aug 2012	Baptists on the Darling Downs			82	8	2012
Digitisation of Church Records - a Guide, 82 - Aug 2012	Digitisation of Church Records - a Guide			82	8	2012
Fascinating Figures: Baptists and the 2011 Census by David Parker, 82 - Aug 2012	Fascinating Figures: Baptists and the 2011 Census by David Parker	Parker, David		82	8	2012
Senior Girls' Missionary Union by Bill Hughes, 82 - Aug 2012	Senior Girls' Missionary Union by Bill Hughes	Hughes, Bill		82	8	2012
Something more than Gold Launching, 82 - Aug 2012	Something more than Gold Launching			82	8	2012
28th Annual Report 83 Dec 2012	28th Annual Report 83 Dec 2012			72	12	2012
Baptist Church Archives turns 30 - David Parker 83 December 2012	Baptist Church Archives turns 30	Parker, David	Baptist Archives Qld	83	12	2012
Milestone for the Archives - and others - 83 - December 2012	Milestone for the Archives - and others - 83 - December 2012			29	12	2012
Rev Charles Stewart - tracing our first minister's family, David Parker 83 - Dec 2012	Rev Charles Stewart - tracing our first minister's family	Parker, David		83	12	2012
	Heritage Plaque Number 6: North East Baptist Church	Editor		107	11	2020
	Midbar: The Dream that Died	David Parker		107	11	2020
	My First One Hundred Days…	Dr Pamela Condie OAM		107	11	2020
	New Book on the Way—Baptist Camping in Queensland	Editor		107	11	2020
	Baptist Heritage Queensland Annual — Meeting News	Editor		107	11	2020
	Secretary's Annual Report — 2020	Bill Hughes		107	11	2020
	Archives Report — Highlights	Editor		107	11	2020
	Changeover at the Archives	Editor		106	8	2020
	Public Advocacy – Why would Baptists in Australia bother?: A brief report from Australia	David Parker		106	8	2020
	Baptists in Queensland and the Spanish ‘Flu': How did they cope in 1919?	David Parker		106	8	2020
	News & Notes: Research Success; Archive Staffing; New Book: Baptists in the 'Never Never'	Editorial		105	4	2020
	All the Way:: ‘God’s Good Hand	Rev Dr Stan W Nickerson		105	4	2020
	End of an Era by Eric Kopittke	Editorial		104	12	2019
	Baptist Heritage Qld and Archives - Annual Reports	Editor		104	12	2019
	All the Way: ‘Faith Seeking Understanding’	David parker		104	12	2019
	‘The Gardener’ and the Silver Salver	Bill Hughes		103	8	2019
	Stanthorpe—thirty years to plant a church! Part 2	David parker		103	8	2019
	Warwick Baptist Church	David Parker and Bill Hughes		103	8	2019
	Vale—John Lane	Editor		102	4	2019
	Stanthorpe—thirty years to plant a church! Part 1	David parker		102	4	2019
	‘All the Way’—E J ‘Uncle Eddie’ Free	Editor		102	4	2019
	News and Notes: Essay Prize Presentation	Editor		101	12	2018
	Chas Sankey Fraser: optometrist and Baptist	Eric Kopittke		101	12	2018
	Allora Baptist Church 1950-70	David Parker		101	12	2018
	BHQ Annual Reports 2018	Editor		101	12	2018
	News and Notes: QB Forum Number 100	Editor		100	8	2018
	BHQ 7th Heritage Essay Prize Entry 2018	Greg Beaumont		100	8	2018
	News and Notes	Editor		99	4	2018
	Another woman who made a difference - Mrs Irvine of Nundah	Bill Hughes		99	4	2018
	Moore Park Sunday School and church	Valerie Dieckmann		99	4	2018
	The origins of the Chinchilla Baptist Church (Darling Downs Project)	David Parker		99	4	2018
	Hertiage Bus Tour			98	12	2017
	Fortesque Street Church 1865-1876-1889	Bill Hughes		98	12	2017
	All the Way!	Gerhard Bargen		98	12	2017
	BHQ, Archives - Annual Reports			98	12	2017
	Plaque Number 3 Dedication			97	8	2017
	First for BHQ-Heritage Bus Tour			97	8	2017
	Resources for Compiling a Baptist Church History	David Parker		97	8	2017
	‘All the way’: Rev Dr S W Solomon (2)			97	8	2017
	Qld Baptists, the Census and NCLS			97	8	2017
	News and Notes			96	4	2017
	‘All the way’: Rev Ken Steer			96	4	2017
	‘All the way’: Rev Dr Stan Solomon			96	4	2017
	Pastoring in the Good Old Days: Lanefield/Marburg	Rev HL McIntyre		96	4	2017
	6th Heritage Essay Prize Award Presentation: Called Home			95	12	2016
	BHQ and Archives: Annual Reports 2016			95	12	2016
	Dalby Baptist Church: the origins	David Parker		95	12	2016
	Baptism and Communion: glimpses from the pages of the QB	David Parker		95	12	2016
	Toowong Baptist Church Anniversary: Heritage Plague			94	8	2016
	The Autonomy of the Local Church-Biblical or Historical?: (6th BHQ Heritage Prize Winning Essay)	Dean Sanham		94	8	2016
	BHQ - Baptist Heritage Plagues			93	4	2016
	Toowoomba Baptist Church: the foundations	David Parker		93	4	2016
	Rev Dr SW Nickerson: Principal Malyon College	John Mayne		93	4	2016
	BHQ - Annual Report 2015			92	12	2015
	JG Schneider: family celebration			92	12	2015
	JG Schneider: appreciation from a descendant	Peter Whitehead		92	12	2015
	William Moore	R W (Bill) Hughes		92	12	2015
	Highfields: its early life-the short story	David Parker		92	12	2015
	Milestones - including tribute to late Dr Ken Smith			91	8	2015
	Figuring Queensland Baptists			91	8	2015
	Queensland Baptist voices on the War: Rev CJW Moon, Rev WG Pope & Rev W Bell	Rev CJW Moon, Rev WG Pope & Rev W Bell		91	8	2015
	A decade of church growth 150 years ago	David Parker		91	8	2015
	The story behind the photo: Rev Albert Butler	Faith Colegrove		91	8	2015
	News and Notes: Gallipoli 100th			90	4	2015
	News and Notes: New BHQ officers			90	4	2015
	News and Notes: Convention			90	4	2015
	BHQ 30th Annual Report			90	4	2015
	1915 The Year that made Australia!			90	4	2015
	Honour Boards & their Stories	Bill Hughes		90	4	2015
	Qld Baptist Voice on the War: Reports from BUQ Assemblies, 1915,-16			90	4	2015
	Mrs Ellen Chataway: a Tribute			90	4	2015
	German Baptists and Revival	David Parker		90	4	2015
	5th Heritage Essay Prize Winner Announced			89	12	2014
	Heritage Prize Winning Essay: Independence and Interdependence: Baptist Ecclesiology	Neil Parker		89	12	2014
	Trends-Tracks-Trophies: 30 Years of Change Featured at Archives Open Day			88	8	2014
	Preserve, Promote & Publish our Heritage: 30 Year History of the BHSQ Part 2	David Parker		88	8	2014
	A Picnic Today: Sponsored by the Baptist Men’s Society			88	8	2014
	Churches with Dementia	Bill Hughes		88	8	2014
	NSW BHS Celebrates 40 Years			88	8	2014
	Trends-Tracks-Trophies: 30 Years of the Archives and BHQ			87	4	2014
	Preserve, Promote & Publish our Heritage: 30 Year History of the BHSQ Part 1	David Parker		87	4	2014
	Exploring the ‘Community’ in Baptist ‘Community’ Churches	Dr Anne Klose		87	4	2014
	Historic Meeting of Archivists			86	12	2013
	The Australian Baptist: becoming available in digital form			86	12	2013
	From Five Barley Loaves: now published			86	12	2013
	Baptists in the Golden West: Rockville Baptist Church	David Parker		86	12	2013
	Baptists in the Golden West: Baptists Dream of the South West! Part 1	David Parker		86	12	2013
	BHQ - 29th Annual Report			86	12	2013
	Heritage Developments			85	8	2013
	The Wharf Street Dispute of 1864	Bill Hughes		85	8	2013
	Tracing our First Minister: More Stewart Family Details			85	8	2013
	Baptists in the Golden West			85	8	2013
	BHQ Baptist Essay Prize 2012 Winners			84	4	2013
	Prize Essay: Tim Lucas (abbreviated)	Tim Lucas		84	4	2013
	Prize Essay: Matt Littlefield (abbreviated)	Matt Littlefield		84	4	2013
	Two new publications from BHQ: Baptists in Qld; National Guide			84	4	2013
	Memorial Display Cabinets for Archives			84	4	2013
	Milestone for the Archives: and others			83	12	2012
	Baptist Church Archives Qld Turns 30			83	12	2012
	Tracing our First Minister's Family			83	12	2012
	BHQ Annual Report 2012			83	12	2012
	Something more than Gold Launching			82	8	2012
	By-Laws, Anniversaries & Celebrations			82	8	2012
	Digitisation of Church Records: a Guide			82	8	2012
	Fascinating Figures: Baptists and the 2011 Census	David Parker		82	8	2012
	Baptists on the Darling Downs			82	8	2012
	Senior Girls’ Missionary Union: Bill Hughes			82	8	2012
	An Appeal to Church Historians: BWA	Neville Callam		82	8	2012
	Something more than Gold: Ready for Launching			81	4	2012
	Archives: Going Digital			81	4	2012
	Warwick Centenary Celebrations	Bill Hughes		81	4	2012
	Saved: the Gatton Story			81	4	2012
	Jireh Honour Board Stars			81	4	2012
